moai_id,ahu,location_name,longitude,latitude,total_length_cm
842,AHU A KIVI,AHU A KIVI,-109.39503400,-27.11513000,
880,AHU A KIVI,AHU A KIVI,-109.39505300,-27.11492800,339
881,AHU A KIVI,AHU A KIVI,-109.39503800,-27.11496500,
882,AHU A KIVI,AHU A KIVI,-109.39503900,-27.11499600,
883,AHU A KIVI,AHU A KIVI,-109.39504200,-27.11503100,
884,AHU A KIVI,AHU A KIVI,-109.39503800,-27.11506200,
885,AHU A KIVI,AHU A KIVI,-109.39503900,-27.11509800,
533,AHU A PINA,AHU A PINA,-109.43222300,-27.14934700,
534,AHU A PINA,AHU A PINA,-109.43220600,-27.14942500,
5,AHU AKAHANGA,AHU AKAHANGA,-109.33644200,-27.14891000,
6,AHU AKAHANGA,AHU AKAHANGA,-109.33674200,-27.14904900,
7,AHU AKAHANGA,AHU AKAHANGA,-109.33671600,-27.14904200,
8,AHU AKAHANGA,AHU AKAHANGA,-109.33659700,-27.14901000,
40,AHU AKAHANGA,AHU AKAHANGA,-109.33621200,-27.14923700,
41,AHU AKAHANGA,AHU AKAHANGA,-109.33632100,-27.14894500,
42,AHU AKAHANGA,AHU AKAHANGA,-109.33629400,-27.14894000,
43,AHU AKAHANGA,AHU AKAHANGA,-109.33626400,-27.14894000,
44,AHU AKAHANGA,AHU AKAHANGA,-109.33624600,-27.14894400,
45,AHU AKAHANGA,AHU AKAHANGA,-109.33625200,-27.14891700,
46,AHU AKAHANGA,AHU AKAHANGA,-109.33622500,-27.14890600,
56,AHU AKAHANGA,AHU AKAHANGA,-109.33620200,-27.14889500,
57,AHU AKAHANGA,AHU AKAHANGA,-109.33618300,-27.14888500,
68,AHU AKAHANGA,AHU AKAHANGA,-109.33617900,-27.14870600,
69,AHU AKAHANGA,AHU AKAHANGA,-109.33623500,-27.14879500,
70,AHU AKAHANGA,AHU AKAHANGA,-109.33622400,-27.14882200,
71,AHU AKAHANGA,AHU AKAHANGA,-109.33622900,-27.14884800,
72,AHU AKAHANGA,AHU AKAHANGA,-109.33627200,-27.14884300,
73,AHU AKAHANGA,AHU AKAHANGA,-109.33640600,-27.14886700,
107,AHU AKAHANGA,AHU AKAHANGA,-109.33676000,-27.14913400,550
108,AHU AKAHANGA,AHU AKAHANGA,-109.33667700,-27.14907800,563
109,AHU AKAHANGA,AHU AKAHANGA,-109.33660200,-27.14909100,535
110,AHU AKAHANGA,AHU AKAHANGA,-109.33630300,-27.14899000,
111,AHU AKAHANGA,AHU AKAHANGA,-109.33625900,-27.14899700,310
112,AHU AKAHANGA,AHU AKAHANGA,-109.33625400,-27.14899600,
143,AHU AKAHANGA,AHU AKAHANGA,-109.33623300,-27.14895400,
144,AHU AKAHANGA,AHU AKAHANGA,-109.33646200,-27.14875600,
145,AHU AKAHANGA,AHU AKAHANGA,-109.33667300,-27.14904600,
146,AHU AKAHANGA,AHU AKAHANGA,-109.33621900,-27.14894000,
147,AHU AKAHANGA,AHU AKAHANGA,-109.33624200,-27.14902200,
148,AHU AKAHANGA,AHU AKAHANGA,-109.33673300,-27.14910300,227
149,AHU AKAHANGA,AHU AKAHANGA,-109.33624000,-27.14881900,
150,AHU AKAHANGA,AHU AKAHANGA,-109.33623900,-27.14885500,
151,AHU AKAHANGA,AHU AKAHANGA,-109.33623400,-27.14934200,
161,AHU AKAHANGA,AHU AKAHANGA,-109.33649300,-27.14901800,487
162,AHU AKAHANGA,AHU AKAHANGA,-109.33644300,-27.14900600,
163,AHU AKAHANGA,AHU AKAHANGA,-109.33639700,-27.14898300,546
164,AHU AKAHANGA,AHU AKAHANGA,-109.33634100,-27.14900000,
167,AHU AKAHANGA,AHU AKAHANGA,-109.33648400,-27.14890900,
204,AHU ATURE HUKE,AHU ATURE HUKE,-109.32210500,-27.07367600,
213,AHU ATURE HUKE,AHU ATURE HUKE,-109.32222400,-27.07368900,
913,AHU HANGA TE E,AHU HANGA TE E,-109.36247700,-27.16505000,
495,AHU HANGA TEE,AHU HANGA TE'E,-109.36213200,-27.16588100,499
540,AHU HANGA TEE,AHU HANGA TE'E,-109.36211700,-27.16588200,602
580,AHU HANGA TEE,AHU HANGA TE'E,-109.36199800,-27.16592100,415
581,AHU HANGA TEE,AHU HANGA TE'E,-109.36198200,-27.16592100,400
836,AHU HANGA TEE,AHU HANGA TE'E,-109.36218100,-27.16585500,
837,AHU HANGA TEE,AHU HANGA TE'E,-109.36221300,-27.16585300,
853,AHU HANGA TEE,AHU HANGA TE'E,-109.36207000,-27.16589300,482
854,AHU HANGA TEE,AHU HANGA TE'E,-109.36204700,-27.16589900,476
51,AHU HANGA TETENGA,AHU HANGA TETENGA,-109.31303600,-27.13768200,
52,AHU HANGA TETENGA,AHU HANGA TETENGA,-109.31288900,-27.13764700,
22,AHU MAITAKI TE MOA,AHU MAITAKI TE MOA ,-109.40038700,-27.07421800,
230,AHU MAITAKI TE MOA,AHU MAITAKI TE MOA,-109.40037200,-27.07431300,193
234,AHU MAITAKI TE MOA,AHU MAITAKI TE MOA,-109.40038100,-27.07415900,
278,AHU MAITAKI TE MOA,AHU MAITAKI TE MOA,-109.40042400,-27.07413500,
918,AHU MATA KETU,AHU MATA KETU,-109.38789700,-27.15811000,
919,AHU MATA KETU,AHU MATA KETU,-109.38790900,-27.15818900,
920,AHU MATA KETU,AHU MATA KETU,-109.38792500,-27.15817400,
921,AHU MATA KETU,AHU MATA KETU,-109.38792600,-27.15814800,
922,AHU MATA KETU,AHU MATA KETU,-109.38795000,-27.15819400,
923,AHU MATA KETU,AHU MATA KETU,-109.38804800,-27.15799300,
924,AHU MATA KETU,AHU MATA KETU,-109.38784800,-27.15816800,
928,AHU MATA KETU,AHU MATA KETU,-109.38791100,-27.15820000,
929,AHU MATA KETU,AHU MATA KETU,-109.38792900,-27.15816300,437
930,AHU MATA KETU,AHU MATA KETU,-109.38807100,-27.15802000,287
950,AHU MATA KETU,AHU MATA KETU,-109.38790600,-27.15818700,234
21,AHU NAU NAU,AHU NAU NAU,-109.32223900,-27.07447500,
24,AHU NAU NAU,AHU NAU NAU,-109.32241500,-27.07437500,
25,AHU NAU NAU,AHU NAU NAU,-109.32239800,-27.07437200,
26,AHU NAU NAU,AHU NAU NAU,-109.32223900,-27.07448200,
27,AHU NAU NAU,AHU NAU NAU,-109.32203800,-27.07449500,400
32,AHU NAU NAU,AHU NAU NAU ,-109.32247000,-27.07438800,
196,AHU NAU NAU,AHU NAU NAU,-109.32249300,-27.07439600,
197,AHU NAU NAU,AHU NAU NAU,-109.32246700,-27.07438800,
198,AHU NAU NAU,AHU NAU NAU,-109.32244500,-27.07438300,
205,AHU NAU NAU,AHU NAU NAU,-109.32251500,-27.07439900,
206,AHU NAU NAU,AHU NAU NAU,-109.32225300,-27.07446600,
212,AHU NAU NAU,AHU NAU NAU,-109.32225200,-27.07445100,
227,AHU NAU NAU,AHU NAU NAU,-109.32237200,-27.07436200,
228,AHU NAU NAU,AHU NAU NAU,-109.32222600,-27.07435400,
275,AHU NAU NAU,AHU NAU NAU,-109.32225400,-27.07444400,
407,AHU ONE MAKIHI,AHU ONE MAKIHI,-109.28330800,-27.13820800,
408,AHU ONE MAKIHI,AHU ONE MAKIHI,-109.28316200,-27.13810900,
409,AHU ONE MAKIHI,AHU ONE MAKIHI,-109.28311100,-27.13813700,
410,AHU ONE MAKIHI,AHU ONE MAKIHI,-109.28331300,-27.13812800,
423,AHU ONE MAKIHI,AHU ONE MAKIHI,-109.28315300,-27.13816200,
606,AHU ONE MAKIHI,AHU ONE MAKIHI,-109.28322100,-27.13822000,565
607,AHU ONE MAKIHI,AHU ONE MAKIHI,-109.28315700,-27.13821800,553
608,AHU ONE MAKIHI,AHU ONE MAKIHI,-109.28310400,-27.13818400,471
797,AHU ONE MAKIHI,AHU ONE MAKIHI,-109.28332400,-27.13832900,392
58,AHU OROI,AHU OROI,-109.32792700,-27.14233700,
59,AHU OROI,AHU OROI,-109.32805600,-27.14239100,
61,AHU OROI,AHU OROI,-109.32789600,-27.14240500,
62,AHU OROI,AHU OROI,-109.32791800,-27.14235700,
75,AHU OROI,AHU OROI,-109.32790900,-27.14244700,420
76,AHU OROI,AHU OROI,-109.32780400,-27.14239800,560
105,AHU OROI,AHU OROI,-109.32793200,-27.14242100,
152,AHU OROI,AHU OROI,-109.32787400,-27.14249700,348
153,AHU OROI,AHU OROI,-109.32791200,-27.14242000,353
841,AHU ORONGO,AHU ORONGO,-109.42990000,-27.14532800,
911,AHU ORONGO,AHU ORONGO,-109.42995200,-27.14533000,
596,AHU PEA,AHU PEA,-109.43073200,-27.14753400,
369,AHU TAHAI,AHU TAHAI,-109.42690300,-27.13944200,
371,AHU TAHAI,AHU TAHAI,-109.42701700,-27.14048300,
535,AHU TAHAI,AHU TAHAI,-109.42719500,-27.14028400,
536,AHU TAHAI,AHU TAHAI,-109.42705100,-27.14042700,
537,AHU TAHAI,AHU TAHAI,-109.42710400,-27.13900300,
365,AHU TARAKIU,AHU TARAKIU,-109.36558100,-27.16731000,
366,AHU TARAKIU,AHU TARAKIU,-109.36523500,-27.16724100,
490,AHU TARAKIU,AHU TARAKIU,-109.36487900,-27.16733300,
491,AHU TARAKIU,AHU TARAKIU,-109.36547100,-27.16735800,
492,AHU TARAKIU,AHU TARAKIU,-109.36542300,-27.16732300,
493,AHU TARAKIU,AHU TARAKIU,-109.36522700,-27.16732800,
541,AHU TARAKIU,AHU TARAKIU,-109.36538600,-27.16715800,
542,AHU TARAKIU,AHU TARAKIU,-109.36543300,-27.16716600,
543,AHU TARAKIU,AHU TARAKIU,-109.36542300,-27.16731500,
546,AHU TARAKIU,AHU TARAKIU,-109.36528200,-27.16740200,291
547,AHU TARAKIU,AHU TARAKIU,-109.36524200,-27.16739300,
598,AHU TARAKIU,AHU TARAKIU,-109.36553000,-27.16745200,
932,AHU TARAKIU,AHU TARAKIU,-109.36552300,-27.16738700,
88,AHU TE NIU,AHU TE NIU,-109.40753900,-27.08895200,177
89,AHU TE NUI,AHU TE NUI,-109.40752400,-27.08877300,333
194,AHU TE NUI,AHU TE NUI,-109.40778900,-27.08886300,
199,AHU TE NUI,AHU TE NUI,-109.40742600,-27.08856700,
208,AHU TE NUI,AHU TE NUI,-109.40766800,-27.08887700,
249,AHU TE NUI,AHU TE NUI,-109.40750800,-27.08875800,
250,AHU TE NUI,AHU TE NUI,-109.40749300,-27.08872200,
251,AHU TE NUI,AHU TE NUI,-109.40742000,-27.08867000,
340,AHU TE PITO KURA,AHU TE PITO KURA,-109.30163400,-27.08536300,979
737,AHU TE PITO KURA,AHU TE PITO KURA,-109.30161400,-27.08524600,
740,AHU TE PITO KURA,AHU TE PITO KURA,-109.30162300,-27.08532900,
421,AHU TE PITU KURA,AHU TE PITU KURA,-109.30161700,-27.08521000,
23,AHU TEPEU,AHU TEPEU,-109.41239700,-27.10092200,
28,AHU TEPEU,AHU TEPEU,-109.41255100,-27.10089100,
29,AHU TEPEU,AHU TEPEU,-109.41258000,-27.10100000,
30,AHU TEPEU,AHU TEPEU,-109.41260300,-27.10103900,
31,AHU TEPEU,AHU TEPEU,-109.41260100,-27.10106000,
82,AHU TEPEU,AHU TEPEU,-109.42704800,-27.13399100,
137,AHU TEPEU,AHU TEPEU,-109.42713300,-27.13376600,
139,AHU TEPEU,AHU TEPEU,-109.41255200,-27.10111100,
189,AHU TEPEU,AHU TEPEU,-109.41261200,-27.10107700,286
190,AHU TEPEU,AHU TEPEU,-109.41233300,-27.10086100,
207,AHU TEPEU,AHU TEPEU,-109.41239500,-27.10085900,408
232,AHU TEPEU,AHU TEPEU,-109.41232400,-27.10077800,
233,AHU TEPEU,AHU TEPEU,-109.41235900,-27.10078000,
266,AHU TEPEU,AHU TEPEU,-109.41238900,-27.10081900,
287,AHU TEPEU,AHU TEPEU,-109.41257500,-27.10110300,
288,AHU TEPEU,AHU TEPEU,-109.41253500,-27.10108400,257
34,AHU TONGARIKI,AHU TONGARIKI,-109.27639000,-27.12546100,
36,AHU TONGARIKI,AHU TONGARIKI,-109.27638700,-27.12543700,
140,AHU TONGARIKI,AHU TONGARIKI,-109.27635400,-27.12546300,
141,AHU TONGARIKI,AHU TONGARIKI,-109.27765000,-27.12635600,
220,AHU TONGARIKI,AHU TONGARIKI,-109.27689800,-27.12592600,
221,AHU TONGARIKI,AHU TONGARIKI,-109.27686500,-27.12589100,
222,AHU TONGARIKI,AHU TONGARIKI,-109.27684100,-27.12584600,
223,AHU TONGARIKI,AHU TONGARIKI,-109.27681300,-27.12581000,
330,AHU TONGARIKI,AHU TONGARIKI,-109.27680700,-27.12577200,
357,AHU TONGARIKI,AHU TONGARIKI,-109.27638500,-27.12546800,
382,AHU TONGARIKI,AHU TONGARIKI,-109.27766700,-27.12640400,
383,AHU TONGARIKI,AHU TONGARIKI ,-109.27880100,-27.12509800,
384,AHU TONGARIKI,AHU TONGARIKI,-109.27886500,-27.12552100,
392,AHU TONGARIKI,AHU TONGARIKI,-109.27638700,-27.12544100,
393,AHU TONGARIKI,AHU TONGARIKI,-109.27636300,-27.12546500,
394,AHU TONGARIKI,AHU TONGARIKI,-109.27635300,-27.12547400,
429,AHU TONGARIKI,AHU TONGARIKI,-109.27663700,-27.12554700,
430,AHU TONGARIKI,AHU TONGARIKI,-109.27801000,-27.12669200,
445,AHU TONGARIKI,AHU TONGARIKI,-109.27698200,-27.12605000,
446,AHU TONGARIKI,AHU TONGARIKI,-109.27695800,-27.12601800,
447,AHU TONGARIKI,AHU TONGARIKI,-109.27692200,-27.12596900,
523,AHU TONGARIKI,AHU TONGARIKI,-109.29411600,-27.09531300,
528,AHU TONGARIKI,AHU TONGARIKI,-109.27768200,-27.12636700,
529,AHU TONGARIKI,AHU TONGARIKI,-109.27767000,-27.12639700,
530,AHU TONGARIKI,AHU TONGARIKI,-109.27766300,-27.12641000,
549,AHU TONGARIKI,AHU TONGARIKI,-109.27670600,-27.12564800,
550,AHU TONGARIKI,AHU TONGARIKI,-109.27668600,-27.12560600,
571,AHU TONGARIKI,AHU TONGARIKI,-109.27677300,-27.12573800,
572,AHU TONGARIKI,AHU TONGARIKI,-109.27675100,-27.12571000,
573,AHU TONGARIKI,AHU TONGARIKI,-109.27671400,-27.12569300,
574,AHU TONGARIKI,AHU TONGARIKI,-109.27665700,-27.12558500,
575,AHU TONGARIKI,AHU TONGARIKI,-109.27781500,-27.12538200,810
576,AHU TONGARIKI,AHU TONGARIKI,-109.27637400,-27.12545300,
577,AHU TONGARIKI,AHU TONGARIKI,-109.27639700,-27.12545600,
578,AHU TONGARIKI,AHU TONGARIKI,-109.27637600,-27.12543100,
609,AHU TONGARIKI,AHU TONGARIKI,-109.27665400,-27.12560200,
655,AHU TONGARIKI,AHU TONGARIKI,-109.27763500,-27.12640700,
656,AHU TONGARIKI,AHU TONGARIKI,-109.27765100,-27.12639800,
657,AHU TONGARIKI,AHU TONGARIKI,-109.27765200,-27.12639400,
658,AHU TONGARIKI,AHU TONGARIKI,-109.27765800,-27.12638900,
685,AHU TONGARIKI,AHU TONGARIKI,-109.27763700,-27.12637200,
721,AHU TONGARIKI,AHU TONGARIKI,-109.27636700,-27.12542600,
727,AHU TONGARIKI,AHU TONGARIKI,-109.27634800,-27.12547900,
728,AHU TONGARIKI,AHU TONGARIKI,-109.27634400,-27.12545000,
729,AHU TONGARIKI,AHU TONGARIKI,-109.27634800,-27.12544000,
808,AHU TONGARIKI,AHU TONGARIKI,-109.27763700,-27.12639200,
890,AHU TONGARIKI,AHU TONGARIKI,-109.27763600,-27.12636100,
891,AHU TONGARIKI,AHU TONGARIKI,-109.27762300,-27.12638000,
367,AHU VAI URI,AHU VAI URI,-109.42742400,-27.13978500,
368,AHU VAI URI,AHU VAI URI,-109.42743200,-27.13983300,
370,AHU VAI URI,AHU VAI URI,-109.42742700,-27.13989900,
597,AHU VAI URI,AHU VAI URI,-109.42743000,-27.13986900,
912,AHU VAI URI,AHU VAI URI,-109.42741000,-27.13974400,
90,AHU VINAPU,AHU VINAPU,-109.40668900,-27.17714200,
91,AHU VINAPU,AHU VINAPU ,-109.40644600,-27.17639200,
92,AHU VINAPU,AHU VINAPU ,-109.40677300,-27.17709400,
93,AHU VINAPU,AHU VINAPU ,-109.40647400,-27.17645700,
173,AHU VINAPU,AHU VINAPU,-109.40667800,-27.17697400,
174,AHU VINAPU,AHU VINAPU,-109.40671400,-27.17749000,203
175,AHU VINAPU,AHU VINAPU,-109.40689500,-27.17705200,
176,AHU VINAPU,AHU VINAPU,-109.40644300,-27.17646500,
177,AHU VINAPU,AHU VINAPU,-109.40643600,-27.17645000,398
178,AHU VINAPU,AHU VINAPU,-109.40643300,-27.17643800,
179,AHU VINAPU,AHU VINAPU,-109.40640700,-27.17639800,
180,AHU VINAPU,AHU VINAPU,-109.40639000,-27.17636000,
181,AHU VINAPU,AHU VINAPU,-109.40638000,-27.17634100,405
182,AHU VINAPU,AHU VINAPU,-109.40632800,-27.17639900,
183,AHU VINAPU,AHU VINAPU ,-109.40659400,-27.17712600,
184,AHU VINAPU,AHU VINAPU,-109.40674700,-27.17726200,425
185,AHU VINAPU,AHU VINAPU,-109.40675200,-27.17723100,450
186,AHU VINAPU,AHU VINAPU,-109.40675600,-27.17720400,438
187,AHU VINAPU,AHU VINAPU,-109.40674800,-27.17718100,417
188,AHU VINAPU,AHU VINAPU,-109.40677300,-27.17716100,
538,AKAHANGA,AKAHANGA,-109.34525600,-27.15418500,
539,AKAHANGA,AKAHANGA,-109.34532900,-27.15419200,
844,ANA O KEKE,ANA O KEKE,-109.24147700,-27.10438700,
845,ANA O KEKE,ANA O KEKE,-109.24131200,-27.10450800,199
846,ANA O KEKE,ANA O KEKE,-109.24137400,-27.10462100,215
847,ANA O KEKE,ANA O KEKE,-109.24128900,-27.10464900,
848,ANA O KEKE,ANA O KEKE,-109.24121700,-27.10475900,
849,ANA O KEKE,ANA O KEKE,-109.24119500,-27.10478000,
850,ANA O KEKE,ANA O KEKE,-109.24101300,-27.10458500,
851,ANA O KEKE,ANA O KEKE,-109.24107800,-27.10446800,
276,AVA ANAKENA,AVA ANAKENA,-109.32326800,-27.07492400,
3,HANGA HAHAVE,HANGA HAHAVE,-109.39031400,-27.16710600,470
4,HANGA HAHAVE,HANGA HAHAVE,-109.39050500,-27.16712500,
98,HANGA HAHAVE,HANGA HAHAVE,-109.39037800,-27.16696400,
254,HANGA O TEO,HANGA O TEO,-109.37300800,-27.05651200,
170,HANGA PIKO,HANGA PIKO,-109.43902000,-27.15458400,
171,HANGA PIKO,HANGA PIKO,-109.43849400,-27.15507200,585
2,HANGA POUKURA,HANGA POUKURA,-109.37947800,-27.16709500,
12,HANGA POUKURA,HANGA POUKURA,-109.38053800,-27.16657000,
13,HANGA POUKURA,HANGA POUKURA,-109.38042000,-27.16673400,312
15,HANGA POUKURA,HANGA POUKURA,-109.37953400,-27.16712400,472
16,HANGA POUKURA,HANGA POUKURA,-109.37982100,-27.16726100,396
37,HANGA POUKURA,HANGA POUKURA,-109.37976700,-27.16724600,
38,HANGA POUKURA,HANGA POUKURA,-109.37976000,-27.16714400,
39,HANGA POUKURA,HANGA POUKURA,-109.37992500,-27.16708700,
94,HANGA POUKURA,HANGA POUKURA,-109.38046100,-27.16666500,
95,HANGA POUKURA,HANGA POUKURA,-109.37933900,-27.16695400,
925,HANGA POUKURA,HANGA POUKURA,-109.38501000,-27.15531700,
931,HANGA POUKURA,HANGA POUKURA,-109.38499200,-27.15531900,
363,HANGA PU NGAO,HANGA PU NGAO,-109.29573000,-27.13880400,
364,HANGA PU NGAO,HANGA PU NGAO,-109.29575000,-27.13876500,
372,HANGA PU NGAO,HANGA PU NGAO,-109.29586300,-27.13874200,
373,HANGA PU NGAO,HANGA PU NGAO,-109.29602100,-27.13871400,
379,HANGA PU NGAO,HANGA PU NGAO,-109.29560800,-27.13880600,
380,HANGA PU NGAO,HANGA PU NGAO,-109.29562200,-27.13880300,
381,HANGA PU NGAO,HANGA PU NGAO,-109.29561700,-27.13882300,
427,HANGA PU NGAO,HANGA PU NGAO,-109.29574500,-27.13844600,
428,HANGA PU NGAO,HANGA PU NGAO,-109.29577900,-27.13854000,
460,HANGA PU NGAO,HANGA PU NGAO,-109.29577300,-27.13882800,
521,HANGA PU NGAO,HANGA PU NGAO,-109.29566000,-27.13872400,
868,HANGA TAVAKA,HANGA TAVAKA,-109.24869900,-27.09469400,
953,HANGA TAVAKA,HANGA TAVAKA,-109.24867600,-27.09471700,
914,HANGA TE E,HANGA TE E,-109.36247600,-27.16506600,
915,HANGA TE E,HANGA TE E,-109.36229300,-27.16548200,
933,HANGA TE E,HANGA TE E,-109.36216300,-27.16596800,
940,HANGA TE E,HANGA TE E,-109.36213400,-27.16596600,
941,HANGA TE E,HANGA TE E,-109.36232600,-27.16587000,
942,HANGA TE E,HANGA TE E,-109.36227500,-27.16591400,
53,HANGA TE TENGA,HANGA TE TENGA,-109.31260800,-27.13769600,
339,HEKII,HEKII,-109.30063500,-27.08786500,241
355,HEKII,HEKII,-109.29978600,-27.08837900,
356,HEKII,HEKII,-109.30002700,-27.08827100,
374,HEKII,HEKII,-109.29970100,-27.08817200,
375,HEKII,HEKII,-109.29970200,-27.08837000,
376,HEKII,HEKII,-109.29964200,-27.08809600,
377,HEKII,HEKII,-109.29966500,-27.08811200,
378,HEKII,HEKII,-109.29964800,-27.08812400,
420,HEKII,HEKII,-109.30135900,-27.08800900,
645,HEKII,HEKII,-109.29975600,-27.08847800,
646,HEKII,HEKII,-109.29973200,-27.08851400,
647,HEKII,HEKII,-109.29981600,-27.08840300,
648,HEKII,HEKII,-109.29981200,-27.08834100,
649,HEKII,HEKII,-109.30012600,-27.08828500,
650,HEKII,HEKII,-109.30007400,-27.08788700,
665,HEKII,HEKII,-109.29969400,-27.08837800,382
666,HEKII,HEKII,-109.29967100,-27.08820300,
668,HEKII,HEKII,-109.29968800,-27.08854700,
669,HEKII,HEKII,-109.29971800,-27.08852000,
670,HEKII,HEKII,-109.29973900,-27.08848400,
671,HEKII,HEKII,-109.29981000,-27.08846700,
672,HEKII,HEKII,-109.29977000,-27.08843000,
673,HEKII,HEKII,-109.29980100,-27.08839500,
100,HOA ANGA VAKA O TUA PO,HOA ANGA VAKA O TUA PO,-109.33065300,-27.14406900,253
101,HOA ANGA VAKA O TUA PO,HOA ANGA VAKA O TUA PO,-109.33052500,-27.14400300,
102,HOA ANGA VAKA O TUA PO,HOA ANGA VAKA O TUA PO,-109.33046800,-27.14397700,248
103,HOA ANGA VAKA O TUA PO,HOA ANGA VAKA O TUA PO,-109.33054000,-27.14400400,
104,HOA ANGA VAKA O TUA PO,HOA ANGA VAKA O TUA PO,-109.33046000,-27.14397600,
332,KOEHOKO,KOE-HOKO,-109.30683100,-27.13785900,
395,MAHATUA,MAHATUA,-109.27177200,-27.09193900,
396,MAHATUA,MAHATUA,-109.27179700,-27.09191100,
610,MAHATUA,MAHATUA,-109.27164500,-27.09196200,
686,MAHATUA,MAHATUA,-109.27208100,-27.09194600,
687,MAHATUA,MAHATUA,-109.27188500,-27.09196600,
688,MAHATUA,MAHATUA,-109.27180200,-27.09195300,
689,MAHATUA,MAHATUA,-109.27179500,-27.09194000,
722,MAHATUA,MAHATUA,-109.27157100,-27.09189800,
723,MAHATUA,MAHATUA,-109.27158100,-27.09194100,
813,MAHATUA,MAHATUA,-109.27161000,-27.09194100,
559,MAHINA,MAHINA,-109.29411900,-27.09541200,568
560,MAHINA,MAHINA,-109.29416500,-27.09538300,534
242,MAITAKI TE MOA,MAITAKI TE MOA,-109.40386000,-27.08269100,
243,MAITAKI TE MOA,MAITAKI TE MOA,-109.40386300,-27.08270500,
244,MAITAKI TE MOA,MAITAKI TE MOA,-109.40382700,-27.08269400,
245,MAITAKI TE MOA,MAITAKI TE MOA,-109.40382900,-27.08270200,
443,MATA UURI,MATA UURI,-109.27835600,-27.13213900,216
444,MATA UURI,MATA UURI,-109.27836700,-27.13225400,274
726,MATA UURI,MATA UURI,-109.27830300,-27.13203400,
960,MATUKI,MATUKI,-109.37545100,-27.12846400,
351,MAUNGA VEVERA,MAUNGA VEVERA,-109.31151700,-27.10889200,267
391,MAUNGA VEVERA,MAUNGA VEVERA,-109.31153100,-27.10883000,
502,MAUNGA VEVERA,MAUNGA VEVERA,-109.31142600,-27.10889500,
620,MAUNGA VEVERA,MAUNGA VEVERA,-109.31140300,-27.10887100,
621,MAUNGA VEVERA,MAUNGA VEVERA,-109.31146300,-27.10895300,
711,MAUNGA VEVERA,MAUNGA VEVERA,-109.31151400,-27.10883100,
561,MOAI TUUTAHI,MOAI TUU-TAHI,-109.29060100,-27.13748800,547
87,MOTU RAU NUKU,MOTU RAU NUKU,-109.34705500,-27.06014400,
191,MOTU RAU NUKU,MOTU RAU NUKU,-109.34692100,-27.06011300,
192,MOTU RAU NUKU,MOTU RAU NUKU,-109.34703900,-27.06002600,
193,MOTU RAU NUKU,MOTU RAU NUKU,-109.34715800,-27.06001500,
248,MOTU RAU NUKU,MOTU RAU NUKU,-109.34690100,-27.05996300,
255,MOTU RAU NUKU,MOTU RAU NUKU,-109.34699100,-27.06002800,
256,MOTU RAU NUKU,MOTU RAU NUKU,-109.34712300,-27.06002600,
257,MOTU RAU NUKU,MOTU RAU NUKU,-109.34715400,-27.05996500,
258,MOTU RAU NUKU,MOTU RAU NUKU,-109.34721600,-27.05998300,
259,MOTU RAU NUKU,MOTU RAU NUKU,-109.34720100,-27.06003800,
260,MOTU RAU NUKU,MOTU RAU NUKU,-109.34724600,-27.06002400,
261,MOTU RAU NUKU,MOTU RAU NUKU,-109.34744200,-27.06005700,
272,MOTU RAU NUKU,MOTU RAU NUKU,-109.34690700,-27.06004000,
273,MOTU RAU NUKU,MOTU RAU NUKU,-109.34693100,-27.06005200,
274,MOTU RAU NUKU,MOTU RAU NUKU,-109.34694800,-27.06005100,
289,MOTU RAU NUKU,MOTU RAU NUKU,-109.34700900,-27.06012600,
290,MOTU RAU NUKU,MOTU RAU NUKU,-109.34693000,-27.06011200,
279,MOTU TAVAKE,MOTU TAVAKE,-109.39896400,-27.07036800,253
336,O HAE,O HAE,-109.30612200,-27.08108900,218
354,O HAE,O HAE,-109.30912600,-27.08012700,
569,O HAE,O HAE,-109.30910600,-27.08015900,
570,O HAE,O HAE,-109.30940700,-27.08028500,267
736,O HAE,O HAE,-109.30911900,-27.08021800,
917,O KAVA,O KAVA,-109.40814200,-27.15444600,
286,O PARE,O PARE,-109.42074900,-27.12763600,440
1,O URE,O URE,-109.38740900,-27.16655700,
10,O URE,O URE,-109.38737600,-27.16655000,325
11,O URE,O URE,-109.38735600,-27.16654500,
99,O URE,O URE,-109.38737400,-27.16661600,365
60,OROI,OROI,-109.32964300,-27.13658900,
74,OROI,OROI,-109.33148300,-27.14344600,642
77,OROI,OROI,-109.32457600,-27.13893000,462
349,OVAHE,OVAHE,-109.31376300,-27.07685600,
731,OVAHE,OVAHE,-109.31401000,-27.07675400,
732,OVAHE,OVAHE,-109.31399000,-27.07678100,
733,OVAHE,OVAHE,-109.31384000,-27.07683000,
739,OVAHE,OVAHE,-109.31381000,-27.07685200,
246,PARE,PARE,-109.42139600,-27.12356200,
247,PARE,PARE,-109.42135300,-27.12377400,
285,PARE,PARE,-109.42137800,-27.12358900,
331,PUNA RERE TAKATEA,PUNA RERE TAKATEA,-109.31097400,-27.07814400,
418,PUNA RERE TAKATEA,PUNA RERE TAKATEA,-109.31100900,-27.07812400,
520,RANO RARAKU,RANO RARAKU ,-109.29986900,-27.11696400,
614,RANO RARAKU,RANO RARAKU ,-109.29986900,-27.11696400,
638,RANO RARAKU,RANO RARAKU ,-109.29988500,-27.11686000,
639,RANO RARAKU,RANO RARAKU ,-109.29988500,-27.11686000,
641,RANO RARAKU,RANO RARAKU ,-109.29823100,-27.11472900,
642,RANO RARAKU,RANO RARAKU ,-109.29838000,-27.11469900,
643,RANO RARAKU,RANO RARAKU ,-109.29838000,-27.11469900,
644,RANO RARAKU,RANO RARAKU ,-109.29841700,-27.11477200,
674,RANO RARAKU,RANO RARAKU,-109.29398400,-27.12516500,561
675,RANO RARAKU,RANO RARAKU,-109.29217000,-27.12410300,355
676,RANO RARAKU,RANO RARAKU,-109.29284700,-27.12442900,442
17,RUNGA,RUNGA,-109.32524100,-27.07953000,
18,RUNGA,RUNGA,-109.32469500,-27.07976400,
203,RUNGA,RUNGA,-109.32458400,-27.07970000,
229,RUNGA,RUNGA,-109.32438200,-27.07983500,
47,RUNGA VA E,RUNGA VA E,-109.31863900,-27.14023400,467
48,RUNGA VA E,RUNGA VA E,-109.31850700,-27.14017000,
49,RUNGA VA E,RUNGA VA E,-109.31868900,-27.14022400,
65,RUNGA VA E,RUNGA VA E,-109.31873700,-27.14027000,
66,RUNGA VA E,RUNGA VA E,-109.31867300,-27.14011700,
156,RUNGA VA E,RUNGA VA E,-109.31835100,-27.14003100,
157,RUNGA VA E,RUNGA VA E,-109.31869100,-27.14026400,
158,RUNGA VA E,RUNGA VA E,-109.31868000,-27.14025300,
159,RUNGA VA E,RUNGA VA E,-109.31837100,-27.14004000,
160,RUNGA VA E,RUNGA VA E,-109.31865200,-27.14019300,
165,RUNGA VA E,RUNGA VA E,-109.31876600,-27.14035400,344
166,RUNGA VA E,RUNGA VA E,-109.31886300,-27.14017200,383
840,TAUTIRA,TAUTIRA,-109.43061800,-27.14726500,
811,TE PA HAHA TEA,TE PA HAHA TEA,-109.27139000,-27.12215200,
812,TE PA HAHA TEA,TE PA HAHA TEA,-109.27136900,-27.12206900,389
252,TEPEU,TEPEU,-109.39925900,-27.09971600,
33,UKNOWN AHU,UKNOWN AHU,-109.31153300,-27.10884200,
64,UKNOWN AHU,UKNOWN AHU,-109.32351500,-27.14117700,
67,UKNOWN AHU,UKNOWN AHU,-109.33734300,-27.14847000,
106,UKNOWN AHU,UKNOWN AHU,-109.33738700,-27.14854100,518
195,UKNOWN AHU,UKNOWN AHU,-109.36839600,-27.05727200,
224,UKNOWN AHU,UKNOWN AHU,-109.36831600,-27.05731000,
225,UKNOWN AHU,UKNOWN AHU,-109.36843800,-27.05733200,
231,UKNOWN AHU,UKNOWN AHU,-109.33810200,-27.06575400,
267,UKNOWN AHU,UKNOWN AHU,-109.36846700,-27.05733300,
268,UKNOWN AHU,UKNOWN AHU,-109.36826200,-27.05736800,
269,UKNOWN AHU,UKNOWN AHU,-109.36845400,-27.05725200,
270,UKNOWN AHU,UKNOWN AHU,-109.36848000,-27.05723400,
271,UKNOWN AHU,UKNOWN AHU,-109.36884500,-27.05701800,
352,UKNOWN AHU,UKNOWN AHU,-109.31155900,-27.10882000,
353,UKNOWN AHU,UKNOWN AHU,-109.31157300,-27.10881100,
412,UKNOWN AHU,UKNOWN AHU,-109.31149400,-27.10889000,
424,UKNOWN AHU,UKNOWN AHU,-109.31131300,-27.10921300,
425,UKNOWN AHU,UKNOWN AHU,-109.31146700,-27.10890000,
426,UKNOWN AHU,UKNOWN AHU,-109.29857600,-27.13905600,
622,UKNOWN AHU,UKNOWN AHU,-109.31151400,-27.10890800,294
635,UKNOWN AHU,UKNOWN AHU,-109.31143600,-27.10888200,
702,UKNOWN AHU,UKNOWN AHU,-109.31138200,-27.10890500,
734,UKNOWN AHU,UKNOWN AHU,-109.31146900,-27.10883100,
735,UKNOWN AHU,UKNOWN AHU,-109.31139100,-27.10883100,
819,UKNOWN AHU,UKNOWN AHU,-109.24106900,-27.10440800,
820,UKNOWN AHU,UKNOWN AHU,-109.24108200,-27.10440800,
838,UKNOWN AHU,UKNOWN AHU,-109.35513000,-27.16303800,
865,UKNOWN AHU,UKNOWN AHU,-109.24128100,-27.10464700,
869,UKNOWN AHU,UKNOWN AHU,-109.24102000,-27.10453000,
870,UKNOWN AHU,UKNOWN AHU,-109.32600100,-27.12084200,
879,UKNOWN AHU,UKNOWN AHU,-109.32600100,-27.12080500,
886,UKNOWN AHU,UKNOWN AHU,-109.24126300,-27.10440200,
887,UKNOWN AHU,UKNOWN AHU,-109.24127700,-27.10441400,
888,UKNOWN AHU,UKNOWN AHU,-109.24129000,-27.10439800,
889,UKNOWN AHU,UKNOWN AHU,-109.24124800,-27.10450900,
926,UKNOWN AHU,UKNOWN AHU,-109.35006700,-27.16333900,
927,UKNOWN AHU,UKNOWN AHU,-109.34614400,-27.15669100,
956,UKNOWN AHU,UKNOWN AHU,-109.32599100,-27.12087900,
957,UKNOWN AHU,UKNOWN AHU,-109.24102700,-27.10454200,
958,UKNOWN AHU,UKNOWN AHU,-109.24149900,-27.10444100,
959,UKNOWN AHU,UKNOWN AHU,-109.24102400,-27.10457200,
142,URA URANGA TE MAHINA,URA URANGA TE MAHINA,-109.33900200,-27.15007800,
544,URA URANGA TE MAHINA,URA URANGA TE MAHINA,-109.33882400,-27.14990600,
545,URA URANGA TE MAHINA,URA URANGA TE MAHINA,-109.33885900,-27.14994900,
579,URA URANGA TE MAHINA,URA URANGA TE MAHINA,-109.33887500,-27.14997800,
821,URA URANGA TE MAHINA,URA URANGA TE MAHINA,-109.33903300,-27.15008600,
852,URA URANGA TE MAHINA,URA URANGA TE MAHINA,-109.33946600,-27.14988600,
916,URA URANGA TE MAHINA,URA URANGA TE MAHINA,-109.33882500,-27.15001200,661
934,URA URANGA TE MAHINA,URA URANGA TE MAHINA,-109.33900000,-27.15004400,
935,URA URANGA TE MAHINA,URA URANGA TE MAHINA,-109.33898900,-27.15005900,
936,URA URANGA TE MAHINA,URA URANGA TE MAHINA,-109.33898100,-27.15005300,
937,URA URANGA TE MAHINA,URA URANGA TE MAHINA,-109.33906800,-27.15010400,
944,URA URANGA TE MAHINA,URA URANGA TE MAHINA,-109.33900800,-27.15015800,
945,URA URANGA TE MAHINA,URA URANGA TE MAHINA,-109.33904500,-27.15013400,
946,URA URANGA TE MAHINA,URA URANGA TE MAHINA,-109.33901500,-27.15013400,
947,URA URANGA TE MAHINA,URA URANGA TE MAHINA,-109.33898500,-27.15012400,
948,URA URANGA TE MAHINA,URA URANGA TE MAHINA,-109.33886700,-27.15009400,543
949,URA URANGA TE MAHINA,URA URANGA TE MAHINA,-109.33883400,-27.15004800,631
496,URI A URENGA,URI A URENGA,-109.40135000,-27.15472800,346
209,VAI MATA,VAI MATA,-109.39420800,-27.06551000,
214,VAI MATA,VAI MATA,-109.39405000,-27.06553500,442
215,VAI MATA,VAI MATA,-109.39407200,-27.06555400,492
216,VAI MATA,VAI MATA,-109.39419100,-27.06551500,
217,VAI MATA,VAI MATA,-109.39430000,-27.06558000,407
235,VAI MATA,VAI MATA,-109.39430700,-27.06559800,
236,VAI MATA,VAI MATA,-109.39430200,-27.06557000,
237,VAI MATA,VAI MATA,-109.39421100,-27.06551500,
238,VAI MATA,VAI MATA,-109.39420300,-27.06549800,
239,VAI MATA,VAI MATA,-109.39405100,-27.06554200,
240,VAI MATA,VAI MATA,-109.39407100,-27.06556600,
253,VAI MATA,VAI MATA,-109.38534400,-27.05732500,
862,VAI TEKA,VAI TEKA,-109.40211500,-27.11568700,
